{
    ">" : "Right",
    "<" : "Left",
    "S" : 15,
    "s" : 7,
    "#" : "Obstacle",
    "v" : "Down",
    "^" : "Up",
    "?" : "Destination",
    "A": ["Up", "Right"],
    "B": ["Up", "Left"],
    "C": ["Down", "Left"],
    "D": ["Up", "Left"],
    "E": ["Down", "Left"],
    "H": ["Down", "Right"],
    "I": ["Up", "Right"],
    "J": ["Down", "Right"],
    "K": ["Down", "Right"],
    "L": ["Down", "Right"],
    "M": ["Up", "Left"],
    "N": ["Up", "Left"],
    "O": ["Down", "Left"],
    "P": ["Down", "Right"],
    "Q": ["Down", "Right"],
    "R": ["Up", "Right"],
    "T": ["Down", "Left"],
    "U": ["Up", "Left"],
    "!": ["Down", "Left"],
    "W": ["Up", "Left"],
    "%": ["Down", "Right"],
    "$": ["Up", "Right"],
    "Ñ": ["Down", "Right", "Up"],
    "X": ["Down", "Right"],
    "Y": ["Down", "Left"],
    "&": ["Down", "Left"],
    "Z": ["Up", "Right"],
    "a": "Right",
    "b": "Up",
    "c": "Left",
    "d": "Left",
    "e": "Up",
    "f": "Up",
    "g": "Right",
    "h": "Down",
    "i": "Left",
    "j": "Right",
    "k": "Up",
    "l": "Right",
    "m": "Right",
    "o": "Left",
    "p": "Right",
    "q": "Left",
    "u": "Left",
    "w": "Left",
    "x": "Right",
    "ñ": "Right",
    "n": "Left"
}